{"cameraMode":{"drawMode":0,"name":"Shaded","section":"Shading Mode"},"sceneLighting":true,"audioPlay":false,"sceneViewState":{"showFog":true,"showMaterialUpdate":false,"showSkybox":true,"showFlares":true,"showImageEffects":true,"showParticleSystems":true},"in2DMode":false,"pivot":{"x":-0.021315906196832658,"y":1.1263145208358765,"z":-25.34444808959961},"rotation":{"x":0.0052183689549565319,"y":0.9929962158203125,"z":-0.10797376185655594,"w":0.048001084476709369},"size":50.55418014526367,"orthographic":false}