{"cameraMode":{"drawMode":0,"name":"Shaded","section":"Shading Mode"},"sceneLighting":true,"audioPlay":false,"sceneViewState":{"showFog":true,"showMaterialUpdate":false,"showSkybox":true,"showFlares":true,"showImageEffects":true,"showParticleSystems":true},"in2DMode":false,"pivot":{"x":1049.0438232421875,"y":358.1246337890625,"z":14.857177734375},"rotation":{"x":-0.04679518938064575,"y":-0.0005942379939369857,"z":0.00003158343315590173,"w":-0.998946487903595},"size":1544.8123779296875,"orthographic":false}